barrio;ley;identificacion;circunscripcion;seccion;manzana;parcela;division;tipo_unidad;nrounidad;partidaunidad;digitoverificador;tipoplano;valuacionfiscal;nueva;mtstotales;mtscubiertos;habilitado
CABA;2095;24 DE NOVIEMBRE 1335;;;;;24 DE NOVIEMBRE 1335;Comercial;1;;;;;S;;;S
CABA;2095;9 de Julio e/ Lavalle y Tucumán Playas Subterránea 1277;;;;;9 de Julio e/ Lavalle y Tucumán Playas Subterránea 1277;Comercial;1;;;;;N;;;S
CABA;2095;9 de Julio entre Juncal y Santa Fé Leg 1278;;;;;9 de Julio entre Juncal y Santa Fé Leg 1278;Comercial;1;;;;;N;;;S
CABA;2095;ACBA 292;;;;;ACBA 292;Comercial;1;;;;0;N;0;0;S
CABA;2095;ADELINO LUIS DA COSTA 146;;;;;ADELINO LUIS DA COSTA 146;Comercial;1;;;;0;N;0;0;S
CABA;2095;ADRIAN FABIAN GARABENTO 976;;;;;ADRIAN FABIAN GARABENTO 976;Comercial;1;;;;0;N;0;0;S
CABA;2095;ADRIANA INES MOTA 718;;;;;ADRIANA INES MOTA 718;Comercial;1;;;;0;N;0;0;S
CABA;2095;AIRSEC 561;;;;;AIRSEC 561;Comercial;1;;;;0;N;0;0;S
CABA;2095;ALCIRO MALDONADO 111;;;;;ALCIRO MALDONADO 111;Comercial;1;;;;0;N;0;0;S
CABA;2095;ALEJANDRO PEDROARENA 728;;;;;ALEJANDRO PEDROARENA 728;Comercial;1;;;;0;N;0;0;S
CABA;2095;ALEJANDROEMILIO PEDROARENA 1070;;;;;ALEJANDROEMILIO PEDROARENA 1070;Comercial;1;;;;0;N;0;0;S
CABA;2095;ALFREDO LANGUILLA 1033;;;;;ALFREDO LANGUILLA 1033;Comercial;1;;;;0;N;0;0;S
CABA;2095;ALGAM 552;;;;;ALGAM 552;Comercial;1;;;;0;N;0;0;S
CABA;2095;ALGAM 989;;;;;ALGAM 989;Comercial;1;;;;0;N;0;0;S
CABA;2095;ALTOS DE ELORRIAGA;;;;;ADOLFO ALSINA 419;Comercial;1;;;;;S;;;S
CABA;2095;AMX Argentina 1210;;;;;AMX Argentina 1210;Comercial;1;;;;0;N;0;0;S
CABA;2095;ANA ESTER CACOPARDO 660;;;;;ANA ESTER CACOPARDO 660;Comercial;1;;;;0;N;0;0;S
CABA;2095;ANA MARIA RAGO 980;;;;;ANA MARIA RAGO 980;Comercial;1;;;;0;N;0;0;S
CABA;2095;ANALOS 10;;;;;ANALOS 10;Comercial;1;;;;0;N;0;0;S
CABA;2095;ANDREA ESTELA CANO VERGARA 979;;;;;ANDREA ESTELA CANO VERGARA 979;Comercial;1;;;;0;N;0;0;S
CABA;2095;ANTONIO CID 712;;;;;ANTONIO CID 712;Comercial;1;;;;0;N;0;0;S
CABA;2095;ANTONIO FERNANDEZ 717;;;;;ANTONIO FERNANDEZ 717;Comercial;1;;;;0;N;0;0;S
CABA;2095;ANTONIO MIGUEL MACAZAGA MARABOTTO 81;;;;;ANTONIO MIGUEL MACAZAGA MARABOTTO 81;Comercial;1;;;;0;N;0;0;S
CABA;2095;ANTONIO PEDRO BARCHUK 1074;;;;;ANTONIO PEDRO BARCHUK 1074;Comercial;1;;;;0;N;0;0;S
CABA;2095;ANUNCIADA CICIRO 800;;;;;ANUNCIADA CICIRO 800;Comercial;1;;;;0;N;0;0;S
CABA;2095;APANOVI 649;;;;;APANOVI 649;Comercial;1;;;;0;N;0;0;S
CABA;2095;APM DEPORTES 1059;;;;;APM DEPORTES 1059;Comercial;1;;;;0;N;0;0;S
CABA;2095;ARAM SERVICIOS COMERCIALES S.R.L.;;;;;ARAM SERVICIOS COMERCIALES S.R.L.;Comercial;1;;;;;N;;;S
CABA;2095;ARTE RADIOTELEVISIVO ARGENTINO 546;;;;;ARTE RADIOTELEVISIVO ARGENTINO 546;Comercial;1;;;;0;N;0;0;S
CABA;2095;ASOC. DE EX ALUMNOS DEL COLEGIO NACIONAL BUENOS AIRES 340;;;;;ASOC. DE EX ALUMNOS DEL COLEGIO NACIONAL BUENOS AIRES 340;Comercial;1;;;;0;N;0;0;S
CABA;2095;ASOC. MUTUAL UNIVERSITARIA MANUEL UGARTE 634;;;;;ASOC. MUTUAL UNIVERSITARIA MANUEL UGARTE 634;Comercial;1;;;;0;N;0;0;S
CABA;2095;ASOCIACION CATALINAS SUR 688;;;;;ASOCIACION CATALINAS SUR 688;Comercial;1;;;;0;N;0;0;S
CABA;2095;ASOCIACION CIVIL GOLF CLUB JOSE JURADO 65;;;;;ASOCIACION CIVIL GOLF CLUB JOSE JURADO 65;Comercial;1;;;;0;N;0;0;S
CABA;2095;ATHENEE GROUPE 1195;;;;;ATHENEE GROUPE 1195;Comercial;1;;;;0;N;0;0;S
CABA;2095;AU 9 de Julio Sur;;;;;Entre Lima e Irigoyen;Legal;1;;;;;S;;;S
CABA;2095;AV LA PLATA 1150 BAU1;;;;;AV LA PLATA 1150;Comercial;1;;;;;S;;;S
CABA;2095;AV TRIUNVIRATO 4444;;;;;AV TRIUNVIRATO 4444;Comercial;1;;;;;S;;;S
CABA;2095;AV. CORDOBA 650;;;;;ESTACIONAMIENTO;Comercial;2;;;;;S;;;S
CABA;2095;AV. CORRIENTES 1530;;;;;AV. CORRIENTES 1530;Comercial;1;;;;0;N;0;0;S
CABA;2095;AV. DIRECTORIO 4375 - 4411;;;;;DEPORTIVO;Comercial;1;;;;0;N;0;0;S
CABA;2095;AV. DONATO ALVAREZ 175;;;;;AV. DONATO ALVAREZ 175;Comercial;1;;;;0;N;0;0;S
CABA;2095;AV. FEDERICO LACROZE 2705/2767/2771;;;;;AV. FEDERICO LACROZE 2705/2767/2771;Comercial;1;;;;;S;;;S
CABA;2095;AV. Fernández de la Cruz 4000;;;;;CAPATABO SAS;Comercial;1;;;;;S;;;S
CABA;2095;AV. JUJUY 1350-1384;;;;;AV. JUJUY 1350-1384;Comercial;1;;;;0;N;0;0;S
CABA;2095;AV. JUJUY 1351;;;;;AV. JUJUY 1351;Comercial;1;;;;;S;;;S
CABA;2095;AV. PUEYRREDON 2501;;;;;AV. PUEYRREDON 2501;Comercial;1;;;;0;N;0;0;S
CABA;2095;AV. RAFAEL OBLIGADO 6151;;;;;AV. RAFAEL OBLIGADO 6151;Comercial;1;;;;0;N;0;0;S
CABA;2095;AV. RAFAEL OBLIGADO 7010;;;;;AV. RAFAEL OBLIGADO 7010;Comercial;1;;;;0;N;0;0;S
CABA;2095;AV. RAFAEL OBLIGADO 7099;;;;;PARQUE DE LA MEMORIA;Legal;1;;;;;S;;;S
CABA;2095;AV. SAN JUAN 350;;;;;MUSEO DE ARTE MODERNO;Comercial;1;;;;0;N;0;0;S
CABA;2095;AV. SANTA FE 4407/19;;;;;ESTACIONAMIENTO;Comercial;1;;;;0;N;0;0;S
CABA;2095;AV. SANTA FE 730;;;;;AV. SANTA FE 730;Comercial;1;;;;0;N;0;0;S
CABA;2095;AV. SARMIENTO 2720;;;;;AV. SARMIENTO 2720;Comercial;1;;;;0;N;0;0;S
CABA;2095;AV. TRISTAN ACHAVAL RODRIGUEZ 1381;;;;;QUATERMIX 1170;Comercial;1;;;;0;N;0;0;S
CABA;2095;AVENTURA EMPRENDIMIENTO 94;;;;;AVENTURA EMPRENDIMIENTO 94;Comercial;1;;;;0;N;0;0;S
CABA;2095;AZCUENAGA Y PUEYRREDON;;;;;AZCUENAGA Y PUEYRREDON;Comercial;1;;;;0;N;0;0;S
CABA;2095;Administradora de playas 1156;;;;;Administradora de playas 1156;Comercial;1;;;;0;N;0;0;S
CABA;2095;Amalta 1198;;;;;Amalta 1198;Comercial;1;;;;0;N;0;0;S
CABA;2095;Andrés Bello 5950;;;;;Andrés Bello 5950;Comercial;1;;;;;S;;;S
CABA;2095;Applus Iteuve Argentina 1104;;;;;Applus Iteuve Argentina 1104;Comercial;1;;;;0;N;0;0;S
CABA;2095;Applus Iteuve Argentina 1105;;;;;Applus Iteuve Argentina 1105;Comercial;1;;;;0;N;0;0;S
CABA;2095;Applus Iteuve Argentina S.A.;;;;;1263;Comercial;1263;;;;;S;;;S
CABA;2095;Asoc. Civil Club Sportivo Barracas 1083;;;;;Asoc. Civil Club Sportivo Barracas 1083;Comercial;1;;;;0;N;0;0;S
CABA;2095;Asoc. Mutual Conductores Automoviles (AMCA)  1082;;;;;Asoc. Mutual Conductores Automoviles (AMCA)  1082;Comercial;1;;;;0;N;0;0;S
CABA;2095;Av. Carabobo 897;;;;;Av. Carabobo 897;Comercial;1;;;;0;N;0;0;S
CABA;2095;Av. Corrientes 436;;;;;Av. Corrientes 436;Comercial;1;;;;;S;;;S
CABA;2095;Av. Costanera Dr. Tristán Achával Rodríguez 1353t;21;98;59;2;1;Comercial;1;;;;;S;;;S
CABA;2095;"Av. Díaz Vélez 5044 local del Hospital de Agudos ""Carlos G. Durand""";;;;;"Av. Díaz Vélez 5044 local del Hospital de Agudos ""Carlos G. Durand""";Comercial;1;;;;;S;;;S
CABA;2095;Av. Huergo 1330;;;;;Av. Huergo 1330;Comercial;1;;;;0;N;0;0;S
CABA;2095;Av. Jujuy 1351, 1353, 1355 y 1357 BAU1;;;;;Av. Jujuy 1351, 1353, 1355 y 1357;Comercial;1;;;;;S;;;S
CABA;2095;Av. Montes de Oca 40 local del Hospital Gral de Niños Pedro Elizalde;;;;;Av. Montes de Oca 40 local del Hospital Gral de Niños Pedro Elizalde;Comercial;1;;;;;S;;;S
CABA;2095;Av. Pedro de Mendoza Entre Blanes y Benito Pérez Galdós;;;;;Av. Pedro de Mendoza Entre Blanes y Benito Pérez Galdós;Comercial;1;;;;;S;;;S
CABA;2095;Av. de Mayo 575;;;;;Casa de la Cultura;Comercial;1;;;;;S;;;S
CABA;2095;B.R.D. 667;;;;;B.R.D. 667;Comercial;1;;;;0;N;0;0;S
CABA;2095;BAJO AUTOPISA 1-141 B (Peones de Taxis)  590;;;;;BAJO AUTOPISA 1-141 B (Peones de Taxis)  590;Comercial;1;;;;0;N;0;0;S
CABA;2095;BAJO AUTOPISTA - PREDIO 174 1203;;;;;BAJO AUTOPISTA - PREDIO 174 1203;Comercial;1;;;;0;N;0;0;S
CABA;2095;BAJO AUTOPISTA 1 - 134 C  1172;;;;;BAJO AUTOPISTA 1 - 134 C  1172;Comercial;1;;;;0;N;0;0;S
CABA;2095;BAJO AUTOPISTA 1 - Sarandí y Combate de los Pozos 1021;;;;;BAJO AUTOPISTA 1 - Sarandí y Combate de los Pozos 1021;Comercial;1;;;;0;N;0;0;S
CABA;2095;BAJO AUTOPISTA 1-104 A (Caras Sucias)  531;;;;;BAJO AUTOPISTA 1-104 A (Caras Sucias)  531;Comercial;1;;;;0;N;0;0;S
CABA;2095;BAJO AUTOPISTA 1-109 544;;;;;BAJO AUTOPISTA 1-109 544;Comercial;1;;;;0;N;0;0;S
CABA;2095;BAJO AUTOPISTA 1-112 (UTHGRA)  547;;;;;BAJO AUTOPISTA 1-112 (UTHGRA)  547;Comercial;1;;;;0;N;0;0;S
CABA;2095;BAJO AUTOPISTA 1-120 B  560;;;;;BAJO AUTOPISTA 1-120 B  560;Comercial;1;;;;0;N;0;0;S
CABA;2095;BAJO AUTOPISTA 1-134 B 994;;;;;BAJO AUTOPISTA 1-134 B 994;Comercial;1;;;;0;N;0;0;S
CABA;2095;BAJO AUTOPISTA 1-137 (APANOVI) 585;;;;;BAJO AUTOPISTA 1-137 (APANOVI) 585;Comercial;1;;;;0;N;0;0;S
CABA;2095;BAJO AUTOPISTA 1-142  591;;;;;BAJO AUTOPISTA 1-142  591;Comercial;1;;;;0;N;0;0;S
CABA;2095;BAJO AUTOPISTA 1-143 A  593;;;;;BAJO AUTOPISTA 1-143 A  593;Comercial;1;;;;0;N;0;0;S
CABA;2095;BAJO AUTOPISTA 1-143 B 594;;;;;BAJO AUTOPISTA 1-143 B 594;Comercial;1;;;;0;N;0;0;S
CABA;2095;BAJO AUTOPISTA 1-146  597;;;;;BAJO AUTOPISTA 1-146  597;Comercial;1;;;;0;N;0;0;S
CABA;2095;BAJO AUTOPISTA 1-149 (Homero Manzi)  602;;;;;BAJO AUTOPISTA 1-149 (Homero Manzi)  602;Comercial;1;;;;0;N;0;0;S
CABA;2095;BAJO AUTOPISTA 1-156  612;;;;;BAJO AUTOPISTA 1-156  612;Comercial;1;;;;0;N;0;0;S
CABA;2095;BAJO AUTOPISTA 1-157 613;;;;;BAJO AUTOPISTA 1-157 613;Comercial;1;;;;0;N;0;0;S
CABA;2095;BAJO AUTOPISTA 1-159 E - Galería Emilio Mitre 1161;;;;;BAJO AUTOPISTA 1-159 E - Galeria Emilio Mitre 1161;Comercial;1;;;;0;N;0;0;S
CABA;2095;BAJO AUTOPISTA 1-159 P - Local 27 Complejo Emilio Mitre 1162;;;;;BAJO AUTOPISTA 1-159 P - Local 27 Complejo Emilio Mitre 1162;Comercial;1;;;;0;N;0;0;S
CABA;2095;BAJO AUTOPISTA 1-163 B 647;;;;;BAJO AUTOPISTA 1-163 B 647;Comercial;1;;;;0;N;0;0;S
CABA;2095;BAJO AUTOPISTA 1-166 B 653;;;;;BAJO AUTOPISTA 1-166 B 653;Comercial;1;;;;0;N;0;0;S
CABA;2095;BAJO AUTOPISTA 1-169 (Bonorino-Membrillar)  655;;;;;BAJO AUTOPISTA 1-169 (Bonorino-Membrillar)  655;Comercial;1;;;;0;N;0;0;S
CABA;2095;BAJO AUTOPISTA 1-172 A  658;;;;;BAJO AUTOPISTA 1-172 A  658;Comercial;1;;;;0;N;0;0;S
CABA;2095;BAJO AUTOPISTA 1-175 (Culpina-Pillado) 663;;;;;BAJO AUTOPISTA 1-175 (Culpina-Pillado) 663;Comercial;1;;;;0;N;0;0;S
CABA;2095;BAJO AUTOPISTA 6 - 122 (UOCRA) 1225;;;;;BAJO AUTOPISTA 6 - 122 (UOCRA) 1225;Comercial;1;;;;0;N;0;0;S
CABA;2095;BAJO AUTOPISTA 6 - 608 A 249;;;;;BAJO AUTOPISTA 6 - 608 A 249;Comercial;1;;;;0;N;0;0;S
CABA;2095;BAJO AUTOPISTA 6 - 608 B 251;;;;;BAJO AUTOPISTA 6 - 608 B 251;Comercial;1;;;;0;N;0;0;S
CABA;2095;BAJO AUTOPISTA 6 - 611 B 257;;;;;BAJO AUTOPISTA 6 - 611 B 257;Comercial;1;;;;0;N;0;0;S
CABA;2095;BAJO AUTOPISTA 6 - 614 A  262;;;;;BAJO AUTOPISTA 6 - 614 A  262;Comercial;1;;;;0;N;0;0;S
CABA;2095;BAJO AUTOPISTA 6 - 624 B  277;;;;;BAJO AUTOPISTA 6 - 624 B  277;Comercial;1;;;;0;N;0;0;S
CABA;2095;BAJO AUTOPISTA 6-605 A  (Chascomus-Rodo)  802;;;;;BAJO AUTOPISTA 6-605 A  (Chascomus-Rodo)  802;Comercial;1;;;;0;N;0;0;S
CABA;2095;BAJO AUTOPISTA 6-609 C - Zelada y Caravajilla 1155;;;;;BAJO AUTOPISTA 6-609 C - Zelada y Caravajilla 1155;Comercial;1;;;;0;N;0;0;S
CABA;2095;BAJO AUTOPISTA 9-910 1016;;;;;BAJO AUTOPISTA 9-910 1016;Comercial;1;;;;0;N;0;0;S
CABA;2095;BAR AND CO S.A.S.;;;;;1;Comercial;1;;;;;S;;;S
CABA;2095;BASILIA RAFAELA BARTOLOMEO 1045;;;;;BASILIA RAFAELA BARTOLOMEO 1045;Comercial;1;;;;0;N;0;0;S
CABA;2095;BEATRIZ ADELINA IGLESIAS 714;;;;;BEATRIZ ADELINA IGLESIAS 714;Comercial;1;;;;0;N;0;0;S
CABA;2095;BEERCHEBONCHE S.A.;;;;;AV. FERNANDEZ DE LA CRUZ 4000 CABA;Comercial;1;;;;;S;;;S
CABA;2095;BORDER´S PARKING SRL;;;;;PLAZA VICENTE LOPEZ Y PLANES  PLAZOLETA E. UDAONDO PLAZOLETA BLAS PARERA;Comercial;1;;;;;S;;;S
CABA;2095;BRD 82;;;;;BRD 82;Comercial;1;;;;0;N;0;0;S
CABA;2095;BREWDA CONSTRUCCIONES 788;;;;;BREWDA CONSTRUCCIONES 788;Comercial;1;;;;0;N;0;0;S
CABA;2095;BRINKS ARGENTINA 1086;;;;;BRINKS ARGENTINA 1086;Comercial;1;;;;0;N;0;0;S
CABA;2095;BUENOS AIRES ENTRETENIMIENTOS 261;;;;;BUENOS AIRES ENTRETENIMIENTOS 261;Comercial;1;;;;0;N;0;0;S
CABA;2095;Bar conf. Casa del Virrey Liniers  1123;;;;;Bar conf. Casa del Virrey Liniers  1123;Comercial;1;;;;0;N;0;0;S
CABA;2095;Bar conf. Museo  de Arte Español Larreta  1064;;;;;Bar conf. Museo  de Arte Español Larreta  1064;Comercial;1;;;;0;N;0;0;S
CABA;2095;Bar conf. Museo de la Ciudad  1098;;;;;Bar conf. Museo de la Ciudad  1098;Comercial;1;;;;0;N;0;0;S
CABA;2095;Barbara Fernandez Caroca 1138;;;;;Barbara Fernandez Caroca 1138;Comercial;1;;;;0;N;0;0;S
CABA;2095;Barracas Urbano 1226;;;;;Barracas Urbano 1226;Comercial;1;;;;0;N;0;0;S
CABA;2095;"Benito Pérez Galdós 12/36/38 ""Usina del Arte"" Leg 1271";;;;;"Benito Pérez Galdós 12/36/38 ""Usina del Arte"" Leg 1271";Comercial;1;;;;;S;;;S
CABA;2095;Bernardo de Irigoyen 1526/1572;;;;;Bernardo de Irigoyen 1526/1572;Comercial;1;;;;;S;;;S
CABA;2095;Blue Night SRL 1242;;;;;Blue Night SRL 1242;Comercial;1;;;;;S;;;S
CABA;2095;Bonorino 890 / Recuero 2145;;;;;Bonorino 890 / Recuero 2145;Comercial;1;;;;;S;;;S
CABA;2095;Brandyclub 1090;;;;;Brandyclub 1090;Comercial;1;;;;0;N;0;0;S
CABA;2095;Brewda Construcciones 1153;;;;;Brewda Construcciones 1153;Comercial;1;;;;0;N;0;0;S
CABA;2095;Buenos Aires Arena 1234;;;;;Buenos Aires Arena 1234;Comercial;1;;;;0;N;0;0;S
CABA;2095;C.R.V. 577;;;;;C.R.V. 577;Comercial;1;;;;0;N;0;0;S
CABA;2095;C.R.V. 581;;;;;C.R.V. 581;Comercial;1;;;;0;N;0;0;S
CABA;2095;CAFFARELLA DAMIAN ALBERTO;;;;;SAN PEDRITO 1050 CABA;Comercial;1;;;;;S;;;S
CABA;2095;CANTEN 610;;;;;CANTEN 610;Comercial;1;;;;0;N;0;0;S
CABA;2095;CARLOS BURZOMI 726;;;;;CARLOS BURZOMI 726;Comercial;1;;;;0;N;0;0;S
CABA;2095;CARLOS GALLEGO 1062;;;;;CARLOS GALLEGO 1062;Comercial;1;;;;0;N;0;0;S
CABA;2095;CARLOS GUTIERREZ 665;;;;;CARLOS GUTIERREZ 665;Comercial;1;;;;0;N;0;0;S
CABA;2095;CARLOS HUMBERTO POMETTI 715;;;;;CARLOS HUMBERTO POMETTI 715;Comercial;1;;;;0;N;0;0;S
CABA;2095;CARLOS HUMBERTO POMETTI 716;;;;;CARLOS HUMBERTO POMETTI 716;Comercial;1;;;;0;N;0;0;S
CABA;2095;CARLOS MARIA SCHWICK 109;;;;;CARLOS MARIA SCHWICK 109;Comercial;1;;;;0;N;0;0;S
CABA;2095;CASTCOMERCIAL 265;;;;;CASTCOMERCIAL 265;Comercial;1;;;;0;N;0;0;S
CABA;2095;CASTRO BARROS  1225/37/39/41;;;;;CASTRO BARROS  1225/37/39/41;Comercial;1;;;;0;N;0;0;S
CABA;2095;CATALINA EDITH LEDESMA 142;;;;;CATALINA EDITH LEDESMA 142;Comercial;1;;;;0;N;0;0;S
CABA;2095;CATALINA ELENA FONTICHELLI 478;;;;;CATALINA ELENA FONTICHELLI 478;Comercial;1;;;;0;N;0;0;S
CABA;2095;CEMIC 60;;;;;CEMIC 60;Comercial;1;;;;0;N;0;0;S
CABA;2095;CENTRO COSTA SALGUERO;;;;;CENTRO COSTA SALGUERO;Comercial;1;;;;;S;;;S
CABA;2095;CENTRO COSTA SALGUERO;;;;;DIARIA;Comercial;1;;;;;S;;;S
CABA;2095;CENTRO COSTA SALGUERO;;;;;DIARIA DEL 09/06 AL 14/06;Comercial;1;;;;;S;;;S
CABA;2095;CENTRO COSTA SALGUERO;;;;;DIARIA DEL 30/06 AL 05/07;Comercial;1;;;;;S;;;S
CABA;2095;CENTRO CULTURAL 25 DE MAYO;;;;;EXPENDIO COMIDAS Y BEBIDAS;Comercial;1;;;;;S;;;S
CABA;2095;CENTRO METROPOLITANO DE DISEÑO;;;;;GASTRONOMICO;Comercial;1;;;;;S;;;S
CABA;2095;CESAR AVALLONE 1036;;;;;CESAR AVALLONE 1036;Comercial;1;;;;0;N;0;0;S
CABA;2095;CESPEDES LIBROS SAS;19;11;40;1;JUNIN 1930;Comercial;1;;;;;S;;;S
CABA;2095;CHARCAS ENTRE J. SALGUERO  Y AV CNEL DIAZ;;;;;CHARCAS ENTRE J. SALGUERO  Y AV CNEL DIAZ;Comercial;1;;;;0;N;0;0;S
CABA;2095;CIPRIANO LUCERO 28;;;;;CIPRIANO LUCERO 28;Comercial;1;;;;0;N;0;0;S
CABA;2095;CIUCOR 993;;;;;CIUCOR 993;Comercial;1;;;;0;N;0;0;S
CABA;2095;CLUB ARGENTINO DE KARTING ASOCIACION CIVIL 786;;;;;CLUB ARGENTINO DE KARTING ASOCIACION CIVIL 786;Comercial;1;;;;0;N;0;0;S
CABA;2095;CLUB DE GIMNASIA Y ESGRIMA DE ITUZAINGÓ SOCIEDAD CIVIL 1186;;;;;CLUB DE GIMNASIA Y ESGRIMA DE ITUZAINGÓ SOCIEDAD CIVIL 1186;Comercial;1;;;;0;N;0;0;S
CABA;2095;COMPLEJO COSTA SALGUERO;;;;;PREDIO N° 17-18;Comercial;1;;;;;S;;;S
CABA;2095;COMPLEJO COSTA SALGUERO;;;;;PREDIO N°15;Comercial;1;;;;;S;;;S
CABA;2095;COMPLEJO COSTA SALGUERO;;;;;PREDIO N°19;Comercial;1;;;;;S;;;S
CABA;2095;COMPLEJO COSTA SALGUERO;;;;;PREDIO N°21;Comercial;1;;;;;S;;;S
CABA;2095;COMPLEJO COSTA SALGUERO;;;;;PREDIO N°22;Comercial;1;;;;;S;;;S
CABA;2095;COMPLEJO COSTA SALGUERO;;;;;PREDIO N°23-24;Comercial;1;;;;;S;;;S
CABA;2095;COMPLEJO COSTA SALGUERO;;;;;PREDIO N°4;Comercial;1;;;;;S;;;S
CABA;2095;COMPLEJO COSTA SALGUERO;;;;;PREDIO N°7;Comercial;1;;;;;S;;;S
CABA;2095;COMPLEJO COSTA SALGUERO;;;;;PREDIO N°8;Comercial;1;;;;;S;;;S
CABA;2095;CONFIT 1160;;;;;CONFIT 1160;Comercial;1;;;;0;N;0;0;S
CABA;2095;CONFIT 1175;;;;;CONFIT 1175;Comercial;1;;;;0;N;0;0;S
CABA;2095;CONFIT 1176;;;;;CONFIT 1176;Comercial;1;;;;0;N;0;0;S
CABA;2095;CONSORCIO CMI 1095;;;;;CONSORCIO CMI 1095;Comercial;1;;;;0;N;0;0;S
CABA;2095;COOPERATIVA DE TRABAJO  533;;;;;COOPERATIVA DE TRABAJO  533;Comercial;1;;;;0;N;0;0;S
CABA;2095;COOPERATIVA DE TRABAJO  536;;;;;COOPERATIVA DE TRABAJO  536;Comercial;1;;;;0;N;0;0;S
CABA;2095;COOPERATIVA DE TRABAJO ALTAS CIMAS LIMITADA;3;16;87;3;LIMA, JUAN DE GARAY Y AV BRASIL;Comercial;1;;;;;S;;;S
CABA;2095;CRIBA 946;;;;;CRIBA 946;Comercial;1;;;;0;N;0;0;S
CABA;2095;Caffarella Damian Alberto - Emilio Mitre 955;;;;;Emilio Mitre 955;Comercial;1;;;;;S;;;S
CABA;2095;Café del Centro  996;;;;;Café del Centro  996;Comercial;1;;;;0;N;0;0;S
CABA;2095;Canchas de tenis (Obras Sanitarias de la Nación) 352;;;;;Canchas de tenis (Obras Sanitarias de la Nación) 352;Comercial;1;;;;0;N;0;0;S
CABA;2095;Casa Jóven 1152;;;;;Casa Jóven 1152;Comercial;1;;;;0;N;0;0;S
CABA;2095;Centro Cultural Recoleta - Edificio Cronopios 794;;;;;Centro Cultural Recoleta - Edificio Cronopios 794;Comercial;1;;;;0;N;0;0;S
CABA;2095;Centro Cultural Recoleta 147;;;;;Centro Cultural Recoleta 147;Comercial;1;;;;0;N;0;0;S
CABA;2095;Centro Cultural San Martín;;;;;Playa de estacionamiento subterranea;Comercial;1;;;;0;N;0;0;S
CABA;2095;Centro Cultural San Martín;;;;;SERVICIOS GASTRONOMIGOS;Comercial;2;;;;;S;;;S
CABA;2095;Centro cultural Recoleta;;;;;Local Gastronómico;Comercial;1;;;;;S;;;S
CABA;2095;Centro cultural Recoleta;;;;;Museo Participativo de Ciencias;Comercial;1;;;;;S;;;S
CABA;2095;"Centro de Jubilados y Pensionados ""Tita""  540";;;;;"Centro de Jubilados y Pensionados ""Tita""  540";Comercial;1;;;;0;N;0;0;S
CABA;2095;Centro de atención al piloto autódromo Oscar y Juan Galves 1124;;;;;Centro de atención al piloto autódromo Oscar y Juan Galves 1124;Comercial;1;;;;0;N;0;0;S
CABA;2095;Centro de concentración logística (CTC) 1078;;;;;Centro de concentración logística (CTC) 1078;Comercial;1;;;;0;N;0;0;S
CABA;2095;Centro de concentración logística (Plaza Logística) 1201;;;;;Centro de concentración logística (Plaza Logística) 1201;Comercial;1;;;;0;N;0;0;S
CABA;2095;Chacabuco 1252;;;;;Chacabuco 1252;Comercial;1;;;;;S;;;S
CABA;2095;Club Atlético Barracas Juniors  300;;;;;Club Atlético Barracas Juniors  300;Comercial;1;;;;0;N;0;0;S
CABA;2095;Club Atlético Platense  471;;;;;Club Atlético Platense  471;Comercial;1;;;;0;N;0;0;S
CABA;2095;Club Atlético San Telmo  538;;;;;Club Atlético San Telmo  538;Comercial;1;;;;0;N;0;0;S
CABA;2095;Club Manuel Belgrano  281;;;;;Club Manuel Belgrano  281;Comercial;1;;;;0;N;0;0;S
CABA;2095;Club de Amigos 388;;;;;Club de Amigos 388;Comercial;1;;;;0;N;0;0;S
CABA;2095;Club social y deportivo Crespo Juniors  1143;;;;;Club social y deportivo Crespo Juniors  1143;Comercial;1;;;;0;N;0;0;S
CABA;2095;Club social y deportivo Jorge Newberry  918;;;;;Club social y deportivo Jorge Newberry  918;Comercial;1;;;;0;N;0;0;S
CABA;2095;Commercial Carpets S.A.;;;;;Castro 1260;Comercial;1260;;;;;S;;;S
CABA;2095;Complejo Belaustegui;;;;;EMILIO MITRE 955 Y 979 (LOCALES);Comercial;1257;;;;;S;;;S
CABA;2095;Conccase del Pilar SA;;;;;Espacio Nº 7 DJ;Comercial;1253;;;;;S;;;S
CABA;2095;Conf. Sede Asoc.Amigos Museo Nac. Bellas Artes 463;;;;;Conf. Sede Asoc.Amigos Museo Nac. Bellas Artes 463;Comercial;1;;;;0;N;0;0;S
CABA;2095;Cooperadora de Accion Social COAS 1199;;;;;Cooperadora de Accion Social COAS 1199;Comercial;1;;;;0;N;0;0;S
CABA;2095;Correo Central Linea E (Local 1);;;;;Correo Central Linea E (Local 1);Comercial;1;;;;;S;;;S
CABA;2095;DAKOTA 88;;;;;DAKOTA 88;Comercial;1;;;;0;N;0;0;S
CABA;2095;DAMIAN EZEQUIEL LAMBOGLIA 617;;;;;DAMIAN EZEQUIEL LAMBOGLIA 617;Comercial;1;;;;0;N;0;0;S
CABA;2095;DAVID EZEQUIEL CANOP MAZAR 1189;;;;;DAVID EZEQUIEL CANOP MAZAR 1189;Comercial;1;;;;0;N;0;0;S
CABA;2095;DEJESUS CONSTRUCTORA SRL;;;;;Venta materiales construccion;Comercial;1;;;;;S;;;S
CABA;2095;DEL BARCO CENTENERA 951;;;;;CANCHAS DE FUTBOL;Comercial;1;;;;;S;;;S
CABA;2095;DEL BARCO SRL 608;;;;;DEL BARCO SRL 608;Comercial;1;;;;0;N;0;0;S
CABA;2095;DELIA MUSTACATO 1039;;;;;DELIA MUSTACATO 1039;Comercial;1;;;;0;N;0;0;S
CABA;2095;DELL PRODUCCIONES 1102;;;;;DELL PRODUCCIONES 1102;Comercial;1;;;;0;N;0;0;S
CABA;2095;DIANA ALONSO SAN MARTIN 25;;;;;DIANA ALONSO SAN MARTIN 25;Comercial;1;;;;0;N;0;0;S
CABA;2095;DIEGO ALEJANDRO VITURRO;;;;;DIEGO ALEJANDRO VITURRO;Comercial;1;;;;0;N;0;0;S
CABA;2095;DIQUESUR 1101;;;;;DIQUESUR 1101;Comercial;1;;;;0;N;0;0;S
CABA;2095;DISTRITO JOVEN;;;;;SECTOR 2 ESPACIO 2;Comercial;1;;;;;N;;;S
CABA;2095;DISTRITO JOVEN - SECTOR 2 ESPACIO 5;;;;;DISTRITO JOVEN - SECTOR 2 ESPACIO 5;Comercial;1;;;;;S;;;S
CABA;2095;DISTRITO JOVEN - SECTOR 2 ESPACIO 6;;;;;DISTRITO JOVEN - SECTOR 2 ESPACIO 6;Comercial;1;;;;;S;;;S
CABA;2095;DISTRITO JOVEN2;;;;;SECTOR 2 ESPACIO 3;Comercial;1;;;;0;N;0;0;S
CABA;2095;DISTRITO JOVEN2;;;;;Tequila;Comercial;1;;;;;N;;;S
CABA;2095;DOBLAS 1026 A 1062;;;;;DOBLAS 1026 A 1062;Comercial;1;;;;0;N;0;0;S
CABA;2095;DOMINGO BURZOMI 1077;;;;;DOMINGO BURZOMI 1077;Comercial;1;;;;0;N;0;0;S
CABA;2095;DOMINGO LATELA 93;;;;;DOMINGO LATELA 93;Comercial;1;;;;0;N;0;0;S
CABA;2095;Defensa 1251;;;;;Defensa 1251;Comercial;1;;;;;N;;;S
CABA;2095;Del Barco 954;;;;;Del Barco 954;Comercial;1;;;;;S;;;S
CABA;2095;Derudder Hermanos (FLECHABUS) 1233;;;;;Derudder Hermanos (FLECHABUS) 1233;Comercial;1;;;;0;N;0;0;S
CABA;2095;Distrito Costanera SRL 1243;;;;;Distrito Costanera SRL 1243;Comercial;1;;;;;S;;;S
CABA;2095;Distrito Joven - Costanera Norte;;;;;Espacio 3 DJ;Comercial;1254;;;;;S;;;S
CABA;2095;Distrito Joven - Sector 4;;;;;Distrito Joven - Sector 4;Comercial;1;;;;;S;;;S
CABA;2095;ECOPARQUE SARMIENTO 2715 - EX ZOOLOGICO;;;;;Casa de los Osos;Comercial;1;;;;;S;;;S
CABA;2095;ECOPARQUE SARMIENTO 2715 - EX ZOOLOGICO;;;;;Casita Bagley;Comercial;1;;;;0;N;0;0;S
CABA;2095;ECOPARQUE SARMIENTO 2715 - EX ZOOLOGICO;;;;;Ecoparque de Buenos Aires;Comercial;1;;;;0;N;0;0;S
CABA;2095;ECOPARQUE SARMIENTO 2715 - EX ZOOLOGICO;;;;;El Aguila;Comercial;1;;;;;S;;;S
CABA;2095;EDUARDO JOSE COUTURE 2151;;;;;ESTACIONAMIENTO;Comercial;1;;;;;S;;;S
CABA;2095;EDUARDO ODRIOZOLA 721;;;;;EDUARDO ODRIOZOLA 721;Comercial;1;;;;0;N;0;0;S
CABA;2095;EL MIRASOL DE LA RECOVA 459;;;;;EL MIRASOL DE LA RECOVA 459;Comercial;1;;;;0;N;0;0;S
CABA;2095;ELBA ADRIANA NUñEZ DE AUTERI 731;;;;;ELBA ADRIANA NUñEZ DE AUTERI 731;Comercial;1;;;;0;N;0;0;S
CABA;2095;ELBA DOMINGUEZ 707;;;;;ELBA DOMINGUEZ 707;Comercial;1;;;;0;N;0;0;S
CABA;2095;EMPRENDIMIENTO RECOLETA 1;;;;;EMPRENDIMIENTO RECOLETA 1;Comercial;1;;;;0;N;0;0;S
CABA;2095;ERMELINDA MEDINA 354;;;;;ERMELINDA MEDINA 354;Comercial;1;;;;0;N;0;0;S
CABA;2095;ERNESTO WENCESLAO SOSA 621;;;;;ERNESTO WENCESLAO SOSA 621;Comercial;1;;;;0;N;0;0;S
CABA;2095;ERTACH 1001;;;;;ERTACH 1001;Comercial;1;;;;0;N;0;0;S
CABA;2095;ESPACIO Nº 5 SECTOR 1 DISTRITO JOVEN;;;;;ESPACIO Nº 5 SECTOR 1 DISTRITO JOVEN;Comercial;1;;;;;S;;;S
CABA;2095;ESTACION BOLIVAR LINEA E;;;;;LOCAL N°1/2;Comercial;1;;;;;S;;;S
CABA;2095;ESTACIONAMIENTO RAMON FALCON 258;;;;;ESTACIONAMIENTO RAMON FALCON 258;Comercial;1;;;;0;N;0;0;S
CABA;2095;ESTACIÓN ACOYTE LÍNEA A;;;;;LOCAL 2;Comercial;1;;;;;S;;;S
CABA;2095;ESTACIÓN CALLAO LÍNEA B;;;;;LOCAL 13;Comercial;1;;;;;S;;;S
CABA;2095;ESTACIÓN CALLAO LÍNEA B;;;;;LOCAL 2;Comercial;2;;;;;S;;;S
CABA;2095;ESTACIÓN PUEYRREDON LÍNEA B;;;;;LOCAL 11;Comercial;2;;;;;S;;;S
CABA;2095;ESTACIÓN PUEYRREDON LÍNEA B;;;;;LOCAL 8;Comercial;1;;;;;S;;;S
CABA;2095;EVA MADRID FUENTES 87;;;;;EVA MADRID FUENTES 87;Comercial;1;;;;0;N;0;0;S
CABA;2095;El Tambito;;;;;Adolfo Berro 3900;Comercial;1;;;;;S;;;S
CABA;2095;El Águila  1204;;;;;El Águila  1204;Comercial;1;;;;0;N;0;0;S
CABA;2095;Emprendimientos Comunitarios 1178;;;;;Emprendimientos Comunitarios 1178;Comercial;1;;;;0;N;0;0;S
CABA;2095;Emprendimientos Rio S.A.;;;;;Espacio 6 DJ;Comercial;1261;;;;;S;;;S
CABA;2095;Entresuelo Centro Cultural General San Martín  1120;;;;;Entresuelo Centro Cultural General San Martín  1120;Comercial;1;;;;0;N;0;0;S
CABA;2095;"Espacio 1 sector 2 del ""Distrito Joven-Costanera Norte""";;;;;"Espacio 1 sector 2 del ""Distrito Joven-Costanera Norte""";Comercial;1;;;;;S;;;S
CABA;2095;Espacio 4 Sector 1 Distrito Joven;;;;;Espacio 4 Sector 1 Distrito Joven;Comercial;1;;;;;S;;;S
CABA;2095;Espacio 60m2 - Sala 3 en interior CC Recoleta - Bar Guapa  1227;;;;;Espacio 60m2 - Sala 3 en interior CC Recoleta - Bar Guapa  1227;Comercial;1;;;;0;N;0;0;S
CABA;2095;"Espacio N° 1 del polígono del Distrito U14 ""Distrito Joven -Costanera Norte""";;;;;"Espacio N° 1 del polígono del Distrito U14 ""Distrito Joven -Costanera Norte""";Comercial;1;;;;;S;;;S
CABA;2095;Espacio en Hogar Respiratorio Htal. María Ferrer 187;;;;;Espacio en Hogar Respiratorio Htal. María Ferrer 187;Comercial;1;;;;0;N;0;0;S
CABA;2095;Espacio en la Torre Espacial del Parque de la Ciudad Av. Fernández de la Cruz 4000;;;;;Espacio en la Torre Espacial del Parque de la Ciudad Av. Fernández de la Cruz 4000;Comercial;1;;;;;S;;;S
CABA;2095;Estación  Retiro Linea E- Local 1;;;;;1;Comercial;1;;;;;S;;;S
CABA;2095;Estación Alem Linea B;;;;;Local 5;Comercial;1;;;;;S;;;S
CABA;2095;Estación Callao Linea B;;;;;Estación Callao Linea B, Local 10;Comercial;1;;;;;S;;;S
CABA;2095;Estación Callao Linea B;;;;;Local 4/5;Comercial;1;;;;;S;;;S
CABA;2095;Estación Callao Linea B, Local 1;;;;;Estación Callao Linea B, Local 1;Comercial;1;;;;;S;;;S
CABA;2095;Estación Carlos Gardel Linea B;;;;;Local 3;Comercial;1;;;;;S;;;S
CABA;2095;Estación Carlos Gardel Linea B- Local 6;;;;;1;Comercial;1;;;;;S;;;S
CABA;2095;Estación Carlos Pellegrini Linea B;;;;;Local 8;Comercial;1;;;;;S;;;S
CABA;2095;Estación Carranza Linea D, Local 6;;;;;Estación Carranza Linea D, Local 6;Comercial;1;;;;;S;;;S
CABA;2095;Estación Catalinas Linea E, Local 3;;;;;Estación Catalinas Linea E, Local 3;Comercial;1;;;;;S;;;S
CABA;2095;Estación Catalinas Linea E, Local 4;;;;;Estación Catalinas Linea E, Local 4;Comercial;1;;;;;S;;;S
CABA;2095;Estación Catalinas Linea E- Local 1;;;;;1;Comercial;1;;;;;S;;;S
CABA;2095;Estación Correo Central Linea E- Local 2;;;;;1;Comercial;1;;;;;S;;;S
CABA;2095;Estación Federico Lacroze Linea B, local 3;;;;;Estación Federico Lacroze Linea B, local 3;Comercial;1;;;;;S;;;S
CABA;2095;Estación Florida Linea B;;;;;Local 2;Comercial;1;;;;;S;;;S
CABA;2095;Estación Florida Linea B LOCAL  3;;;;;1;Comercial;1;;;;;S;;;S
CABA;2095;Estación Galeria Lima Linea A, Local 10;;;;;Estación Galeria Lima Linea A, Local 10;Comercial;1;;;;;S;;;S
CABA;2095;Estación Gardel, Linea B Local 2;;;;;Estación Gardel, Linea B Local 2;Comercial;1;;;;;S;;;S
CABA;2095;Estación José Hernandez  Linea D;;;;;Local 3;Comercial;1;;;;;S;;;S
CABA;2095;Estación Leandro N. Alem Linea B- Local 6B;;;;;1;Comercial;1;;;;;S;;;S
CABA;2095;Estación Lima, Linea A Local 2 Pasaje Galeria;;;;;Estación Lima, Linea A Local 2 Pasaje Galeria;Comercial;1;;;;;S;;;S
CABA;2095;Estación Palermo Linea D;;;;;Local 9;Comercial;1;;;;;S;;;S
CABA;2095;Estación Pasaje Galeria Lima Linea A, Local 4;;;;;Estación Pasaje Galeria Lima Linea A, Local 4;Comercial;1;;;;;S;;;S
CABA;2095;Estación Pasaje Lima A- Local 6;;;;;1;Comercial;1;;;;;S;;;S
CABA;2095;Estación Pasaje Lima Linea A- Local 3;;;;;1;Comercial;1;;;;;S;;;S
CABA;2095;Estación Pasteur Linea B;;;;;Local 4/5;Comercial;1;;;;;S;;;S
CABA;2095;Estación Pasteur Linea B - Local 2/3;;;;;Local 2/3;Comercial;1;;;;;S;;;S
CABA;2095;Estación Pasteur Linea B- Local 2/3;;;;;Local 2/3;Comercial;1;;;;;S;;;S
CABA;2095;Estación Pasteur, Linea B Local 4/5;;;;;Estación Pasteur, Linea B Local 4/5;Comercial;1;;;;;S;;;S
CABA;2095;Estación Plaza Miserere Linea A - Local 7/8;;;;;1;Comercial;1;;;;;S;;;S
CABA;2095;Estación Retiro Linea C, Local 5;;;;;Estación Retiro Linea C, Local 5;Legal;1;;;;;S;;;S
CABA;2095;Estación Retiro Linea E, Local 4;;;;;Estación Retiro Linea E, Local 4;Comercial;1;;;;;S;;;S
CABA;2095;Estación Retiro Linea E-  Local 3;;;;;1;Comercial;1;;;;;S;;;S
CABA;2095;FABIO AMADO CANALE 1052;;;;;FABIO AMADO CANALE 1052;Comercial;1;;;;0;N;0;0;S
CABA;2095;FABIO HECTOR VIRUEGA 1022;;;;;FABIO HECTOR VIRUEGA 1022;Comercial;1;;;;0;N;0;0;S
CABA;2095;FACUNDO CAVALIERI 713;;;;;FACUNDO CAVALIERI 713;Comercial;1;;;;0;N;0;0;S
CABA;2095;FACUNDO DANIEL CAVALIERI 1071;;;;;FACUNDO DANIEL CAVALIERI 1071;Comercial;1;;;;0;N;0;0;S
CABA;2095;FEDERICO VECCHIARELLI 1057;;;;;FEDERICO VECCHIARELLI 1057;Comercial;1;;;;0;N;0;0;S
CABA;2095;FERNANDO MARTIN SCHNIPER 801;;;;;FERNANDO MARTIN SCHNIPER 801;Comercial;1;;;;0;N;0;0;S
CABA;2095;FOOD CO 1099;;;;;FOOD CO 1099;Comercial;1;;;;0;N;0;0;S
CABA;2095;FOTOGRAFICA 1141;;;;;FOTOGRAFICA 1141;Comercial;1;;;;0;N;0;0;S
CABA;2095;FRANCISCO CONSTANTINO FILIPPELLI 722;;;;;FRANCISCO CONSTANTINO FILIPPELLI 722;Comercial;1;;;;0;N;0;0;S
CABA;2095;FRANCISCO FILIPPELLI 1069;;;;;FRANCISCO FILIPPELLI 1069;Comercial;1;;;;0;N;0;0;S
CABA;2095;FUNDACION HTAL. DE PEDIATRIA DR. GARRAHAN 565;;;;;FUNDACION HTAL. DE PEDIATRIA DR. GARRAHAN 565;Comercial;1;;;;0;N;0;0;S
CABA;2095;FUNDACION MADRES DE PLAZA DE MAYO 525;;;;;FUNDACION MADRES DE PLAZA DE MAYO 525;Comercial;1;;;;0;N;0;0;S
CABA;2095;FUNDACION UNIVERSIDAD TORCUATO DI TELLA 1048;;;;;FUNDACION UNIVERSIDAD TORCUATO DI TELLA 1048;Comercial;1;;;;0;N;0;0;S
CABA;2095;Farmacia De La Estrella S.R.L. 1173;;;;;DEFENSA 215 CABA;Comercial;1;;;;;N;;;S
CABA;2095;Farmacia De La Estrella S.R.L. 1173;;;;;Farmacia De La Estrella S.R.L. 1173;Comercial;1;;;;0;N;0;0;S
CABA;2095;Federacion Ecuestre Argentina - Steaks - Horses - UTE 1231;;;;;Federaci?n Ecuestre Argentina - Steaks - Horses - UTE 1231;Comercial;1;;;;0;N;0;0;S
CABA;2095;Fracción terreno-playón (C.A.R.P.)  763;;;;;Fracción terreno-playón (C.A.R.P.)  763;Comercial;1;;;;0;N;0;0;S
CABA;2095;GABRIEL DARIO ABT 1046;;;;;GABRIEL DARIO ABT 1046;Comercial;1;;;;0;N;0;0;S
CABA;2095;GABRIEL JOSE GRIRO 117;;;;;GABRIEL JOSE GRIRO 117;Comercial;1;;;;0;N;0;0;S
CABA;2095;GAGLIANO CARLOS FABIAN 1063;;;;;GAGLIANO CARLOS FABIAN 1063;Comercial;1;;;;0;N;0;0;S
CABA;2095;GAME TENIS CLUB 541;;;;;GAME TENIS CLUB 541;Comercial;1;;;;0;N;0;0;S
CABA;2095;GANA COMPLEJO DEPORTIVO 279;;;;;GANA COMPLEJO DEPORTIVO 279;Comercial;1;;;;0;N;0;0;S
CABA;2095;GASOLEO 280;;;;;GASOLEO 280;Comercial;1;;;;0;N;0;0;S
CABA;2095;GEA 8 1091;;;;;GEA 8 1091;Comercial;1;;;;0;N;0;0;S
CABA;2095;GEA 8 554;;;;;GEA 8 554;Comercial;1;;;;0;N;0;0;S
CABA;2095;GEA 8 586;;;;;GEA 8 586;Comercial;1;;;;0;N;0;0;S
CABA;2095;GEA 8 785;;;;;GEA 8 785;Comercial;1;;;;0;N;0;0;S
CABA;2095;GEA 8 968;;;;;GEA 8 968;Comercial;1;;;;0;N;0;0;S
CABA;2095;GOMEZ JUAN RAMON 143;;;;;GOMEZ JUAN RAMON 143;Comercial;1;;;;0;N;0;0;S
CABA;2095;GRUPO AL SUR UTE 901;;;;;GRUPO AL SUR UTE 901;Comercial;1;;;;0;N;0;0;S
CABA;2095;GUILLERMO JORGE TABOADA 1060;;;;;GUILLERMO JORGE TABOADA 1060;Comercial;1;;;;0;N;0;0;S
CABA;2095;GUSTAVO VILA 708;;;;;GUSTAVO VILA 708;Comercial;1;;;;0;N;0;0;S
CABA;2095;HAPPENING 2;;;;;HAPPENING 2;Comercial;1;;;;0;N;0;0;S
CABA;2095;HAPPENING 2;;;;;HAPPENING 2;Comercial;1255;;;;;N;;;S
CABA;2095;HECTOR CARLOS RODRIGUEZ 982;;;;;HECTOR CARLOS RODRIGUEZ 982;Comercial;1;;;;0;N;0;0;S
CABA;2095;HECTOR EDUARDO AVILA 83;;;;;HECTOR EDUARDO AVILA 83;Comercial;1;;;;0;N;0;0;S
CABA;2095;HEMILSE MARIA GALLARATI - MARGARITA BEATRIZ RIOS SH 852;;;;;HEMILSE MARIA GALLARATI - MARGARITA BEATRIZ RIOS SH 852;Comercial;1;;;;0;N;0;0;S
CABA;2095;HERNAN DAVID SIGNORI 779;;;;;HERNAN DAVID SIGNORI 779;Comercial;1;;;;0;N;0;0;S
CABA;2095;HILARIA ARANDA 1058;;;;;HILARIA ARANDA 1058;Comercial;1;;;;0;N;0;0;S
CABA;2095;HIPICO MEDITERRANEA - RESTAURANT A LOS AMIGOS UTE 69;;;;;HIPICO MEDITERRANEA - RESTAURANT A LOS AMIGOS UTE 69;Comercial;1;;;;0;N;0;0;S
CABA;2095;HIPOLITO YRIGOYEN Y SAENZ PEÑA;;;;;HIPOLITO YRIGOYEN Y SAENZ PEÑA;Comercial;1;;;;0;N;0;0;S
CABA;2095;HOSPITAL GENERAL DE AGUDOS CECILIA GRIERSON;;;;;LOCAL;Comercial;1;;;;;S;;;S
CABA;2095;Hatzlaja SA 1244;;;;;Hatzlaja SA 1244;Comercial;1;;;;;S;;;S
CABA;2095;Hernan Grosso 1144;;;;;Hernan Grosso 1144;Comercial;1;;;;0;N;0;0;S
CABA;2095;Hoboken 1167;;;;;Hoboken 1167;Comercial;1;;;;0;N;0;0;S
CABA;2095;Hoyo uno de Palermo;;;;;Hoyo uno de Palermo;Comercial;1;;;;0;N;0;0;S
CABA;2095;Hoyo uno de Palermo 1229;;;;;Hoyo uno de Palermo 1229;Comercial;1;;;;0;N;0;0;S
CABA;2095;Huergo;;;;;Huergo;Comercial;1;;;;;S;;;S
CABA;2095;INDIANA IZQUIERDO 1075;;;;;INDIANA IZQUIERDO 1075;Comercial;1;;;;0;N;0;0;S
CABA;2095;INTERSERVICE SERVICIOS EMPRESARIOS 149;;;;;INTERSERVICE SERVICIOS EMPRESARIOS 149;Comercial;1;;;;0;N;0;0;S
CABA;2095;INTERSERVICE SERVICIOS EMPRESARIOS 903;;;;;INTERSERVICE SERVICIOS EMPRESARIOS 903;Comercial;1;;;;0;N;0;0;S
CABA;2095;INTERSERVICE SERVICIOS EMPRESARIOS SA;;;;;INTERSERVICE SERVICIOS EMPRESARIOS SA 1279;Comercial;1;;;;;N;;;S
CABA;2095;Imana SRL 1245;;;;;Imana SRL 1245;Comercial;1;;;;;N;4000;;S
CABA;2095;Inspecentro 1106;;;;;Inspecentro 1106;Comercial;1;;;;0;N;0;0;S
CABA;2095;Inspecentro 1107;;;;;Inspecentro 1107;Comercial;1;;;;0;N;0;0;S
CABA;2095;JARDIN ZOOLOGICO DE LA CIUDAD DE BUENOS AIRES 1053;;;;;JARDIN ZOOLOGICO DE LA CIUDAD DE BUENOS AIRES 1053;Comercial;1;;;;0;N;0;0;S
CABA;2095;JAVIER GONZALO GONZALEZ 983;;;;;JAVIER GONZALO GONZALEZ 983;Comercial;1;;;;0;N;0;0;S
CABA;2095;JORGE COSTAS 450;;;;;JORGE COSTAS 450;Comercial;1;;;;0;N;0;0;S
CABA;2095;JORGE FRANCISCO RAMOS 1040;;;;;JORGE FRANCISCO RAMOS 1040;Comercial;1;;;;0;N;0;0;S
CABA;2095;JORGE MOSQUERA 962;;;;;JORGE MOSQUERA 962;Comercial;1;;;;0;N;0;0;S
CABA;2095;JORGE RICARDO MOSQUERA 768;;;;;JORGE RICARDO MOSQUERA 768;Comercial;1;;;;0;N;0;0;S
CABA;2095;JORGE TAROCCO 636;;;;;JORGE TAROCCO 636;Comercial;1;;;;0;N;0;0;S
CABA;2095;JOSE ANTONIO TOHALINO ARICA 1042;;;;;JOSE ANTONIO TOHALINO ARICA 1042;Comercial;1;;;;0;N;0;0;S
CABA;2095;JOSE FRANCISCO CARDOZO 1003;;;;;JOSE FRANCISCO CARDOZO 1003;Comercial;1;;;;0;N;0;0;S
CABA;2095;JOSE LUIS BOGARIN 140;;;;;JOSE LUIS BOGARIN 140;Comercial;1;;;;0;N;0;0;S
CABA;2095;JOSE LUIS CORNIOLA 573;;;;;JOSE LUIS CORNIOLA 573;Comercial;1;;;;0;N;0;0;S
CABA;2095;JOSE MARIA MORENO 939 T 945 T;;;;;Loc. comercial, deportivo, gastronómico y oficinas;Comercial;1;;;;;S;;;S
CABA;2095;JOSE PABLO SOTO 958;;;;;JOSE PABLO SOTO 958;Comercial;1;;;;0;N;0;0;S
CABA;2095;JUAN CARLOS PERALTA 710;;;;;JUAN CARLOS PERALTA 710;Comercial;1;;;;0;N;0;0;S
CABA;2095;JUAN PABLO COUTO 1000;;;;;JUAN PABLO COUTO 1000;Comercial;1;;;;0;N;0;0;S
CABA;2095;JUAN PABLO COUTO Y GRISELDA BEATRIZ GOMEZ 732;;;;;JUAN PABLO COUTO Y GRISELDA BEATRIZ GOMEZ 732;Comercial;1;;;;0;N;0;0;S
CABA;2095;JUAN RAMON BRITO 991;;;;;JUAN RAMON BRITO 991;Comercial;1;;;;0;N;0;0;S
CABA;2095;JULIA NASI 720;;;;;JULIA NASI 720;Comercial;1;;;;0;N;0;0;S
CABA;2095;JULIO ABEL RAMIREZ 137;;;;;JULIO ABEL RAMIREZ 137;Comercial;1;;;;0;N;0;0;S
CABA;2095;Jefatura de Gobierno - Uspallata 3150;;;;;Gastronómico;Comercial;1;;;;;S;;;S
CABA;2095;José Hernández Linea D, Local 2;;;;;José Hernández Linea D, Local 2;Comercial;1;;;;;S;;;S
CABA;2095;LAGOS DE PALERMO 1032;;;;;LAGOS DE PALERMO 1032;Comercial;1;;;;0;N;0;0;S
CABA;2095;LAGUELA NORBERTO HECTOR 990;;;;;LAGUELA NORBERTO HECTOR 990;Comercial;1;;;;0;N;0;0;S
CABA;2095;LAHET;;;;;MADERO 328;Comercial;1;;;;0;N;0;0;S
CABA;2095;LAVALLE 735 403;;;;;LAVALLE 735 403;Comercial;1;;;;0;N;0;0;S
CABA;2095;LILIANA BEATRIZ DOTI 85;;;;;LILIANA BEATRIZ DOTI 85;Comercial;1;;;;0;N;0;0;S
CABA;2095;LIMA 1261;;;;;LIMA 1261;Comercial;1;;;;;S;;;S
CABA;2095;LJM 1142;;;;;LJM 1142;Comercial;1;;;;0;N;0;0;S
CABA;2095;LOCAL 2 DE LA ESTACION CATALINAS LINEA E SUBTERRANEOS BS AS;;;;;1;Comercial;1;;;;;S;;;S
CABA;2095;LOGINTER 1240;;;;;LOGINTER 1240;Comercial;1;;;;0;N;0;0;S
CABA;2095;LOS CONSTITUYENTES;;;;;LOS CONSTITUYENTES;Comercial;1;;;;;S;;;S
CABA;2095;LUCIA CAREW 145;;;;;LUCIA CAREW 145;Comercial;1;;;;0;N;0;0;S
CABA;2095;LUCIA RONCHI 124;;;;;LUCIA RONCHI 124;Comercial;1;;;;0;N;0;0;S
CABA;2095;La Pampa 2215;;;;;Biblioteca Leopoldo Lugones;Comercial;1;;;;;S;;;S
CABA;2095;Lafuente 1000 BAU1;;;;;Lafuente 1000 BAU1;Comercial;1000;;;;;S;;;S
CABA;2095;Liga Amateur de fútbol de Flores  408;;;;;Liga Amateur de fútbol de Flores  408;Comercial;1;;;;0;N;0;0;S
CABA;2095;Los Constituyentes 1103;;;;;Los Constituyentes 1103;Comercial;1;;;;0;N;0;0;S
CABA;2095;Los Hijos De 1188;;;;;Los Hijos De 1188;Comercial;1;;;;0;N;0;0;S
CABA;2095;Luis Saenz Peña 1244;;;;;Luis Saenz Peña 1244;Comercial;1;;;;;S;;;S
CABA;2095;MADERO 328;;;;;MADERO 328;Comercial;1;;;;;S;;;S
CABA;2095;MAILLOL 1114;;;;;MAILLOL 1114;Comercial;1;;;;0;N;0;0;S
CABA;2095;MAILLOL 29;;;;;MAILLOL 29;Comercial;1;;;;0;N;0;0;S
CABA;2095;MARCELO FABIAN INNOCENTI 604;;;;;MARCELO FABIAN INNOCENTI 604;Comercial;1;;;;0;N;0;0;S
CABA;2095;MARCELO FABIAN INNOCENTI 650;;;;;MARCELO FABIAN INNOCENTI 650;Comercial;1;;;;0;N;0;0;S
CABA;2095;MARCELO JAUREGUI 1055;;;;;MARCELO JAUREGUI 1055;Comercial;1;;;;0;N;0;0;S
CABA;2095;MARIA ALEJANDRA GIMENEZ 725;;;;;MARIA ALEJANDRA GIMENEZ 725;Comercial;1;;;;0;N;0;0;S
CABA;2095;MARIA ANGELICA SCHWARZ LUCIANI 638;;;;;MARIA ANGELICA SCHWARZ LUCIANI 638;Comercial;1;;;;0;N;0;0;S
CABA;2095;MARIA ELENA ALFONSO 99;;;;;MARIA ELENA ALFONSO 99;Comercial;1;;;;0;N;0;0;S
CABA;2095;MARIA LUISA D AQUINO 1044;;;;;MARIA LUISA D AQUINO 1044;Comercial;1;;;;0;N;0;0;S
CABA;2095;MARIANO EDUARDO ZUCCONI 107;;;;;MARIANO EDUARDO ZUCCONI 107;Comercial;1;;;;0;N;0;0;S
CABA;2095;MASBOR 1236;;;;;MASBOR 1236;Comercial;1;;;;0;N;0;0;S
CABA;2095;MASBOR 956;;;;;MASBOR 956;Comercial;1;;;;0;N;0;0;S
CABA;2095;MAXPETRO 1190;;;;;MAXPETRO 1190;Comercial;1;;;;0;N;0;0;S
CABA;2095;MEJORAMIENTO HOSPITALARIO - ALDIYAIV UTE 789;;;;;MEJORAMIENTO HOSPITALARIO - ALDIYAIV UTE 789;Comercial;1;;;;0;N;0;0;S
CABA;2095;MEK 34;;;;;MEK 34;Comercial;1;;;;0;N;0;0;S
CABA;2095;MERCADO DE BELGRANO;;;;;LOCAL 36;Comercial;1;;;;;S;;;S
CABA;2095;MERCADO DE BELGRANO;;;;;LOCAL 40 Y 41;Comercial;1;;;;;S;;;S
CABA;2095;MERCADO DE BELGRANO;;;;;LOCAL 51;Comercial;1;;;;;S;;;S
CABA;2095;MERCADO DE BELGRANO;;;;;LOCAL 59;Comercial;1;;;;;S;;;S
CABA;2095;MERCADO DE BELGRANO;;;;;LOCAL 62;Comercial;1;;;;;S;;;S
CABA;2095;MERCADO DE BELGRANO;;;;;LOCAL 66;Comercial;1;;;;;S;;;S
CABA;2095;MERCADO DE BELGRANO;;;;;LOCAL 8;Comercial;1;;;;;S;;;S
CABA;2095;MERCADO DE BELGRANO;;;;;LOCAL N° 37;Comercial;1;;;;;S;;;S
CABA;2095;MERCADO DE BELGRANO;;;;;LOCAL N°35;Comercial;1;;;;;S;;;S
CABA;2095;MERCADO DE BELGRANO;;;;;LOCAL N°54;Comercial;1;;;;;S;;;S
CABA;2095;MERCADO DE BELGRANO;;;;;LOCAL N°7;Comercial;1;;;;;S;;;S
CABA;2095;MERCADO DE BELGRANO;;;;;LOCAL N°70;Comercial;1;;;;;S;;;S
CABA;2095;MERCADO DE BELGRANO;;;;;LOCALES 22 y 23;Comercial;1;;;;;S;;;S
CABA;2095;MERCADO DE BELGRANO;;;;;LOCALES 24 Y 25;Comercial;1;;;;;S;;;S
CABA;2095;MERCADO DE BELGRANO;;;;;LOCALES 38 Y 39;Comercial;1;;;;;S;;;S
CABA;2095;MERCADO DE BELGRANO;;;;;LOCALES 60 Y 61;Comercial;1;;;;;S;;;S
CABA;2095;MERCADO DE BELGRANO;;;;;LOCALES N° 28/29;Comercial;1;;;;;S;;;S
CABA;2095;MERCADO DE BELGRANO;;;;;LOCALES N° 46/47/48/49/50;Comercial;1;;;;;S;;;S
CABA;2095;MERCADO DE BELGRANO;;;;;LOCALES N°12/13/14/15/16/17;Comercial;1;;;;;S;;;S
CABA;2095;MERCADO DE BELGRANO;;;;;LOCALES N°30/31/32;Comercial;1;;;;;S;;;S
CABA;2095;MERCADO DE BELGRANO;;;;;LOCALES N°33/34;Comercial;1;;;;;S;;;S
CABA;2095;MERCADO DE BELGRANO;;;;;LOCALES N°43/44/45;Comercial;1;;;;;S;;;S
CABA;2095;MERCADO DE BELGRANO;;;;;LOCALES N°5/6;Comercial;1;;;;;S;;;S
CABA;2095;MERCADO DE BELGRANO;;;;;LOCALES N°53/77/78/79/80;Comercial;1;;;;;S;;;S
CABA;2095;MERCADO DE BELGRANO;;;;;LOCALES N°67/68/69;Comercial;1;;;;;S;;;S
CABA;2095;MERCADO DE BELGRANO;;;;;LOCALES N°71/72/73;Comercial;1;;;;;S;;;S
CABA;2095;MERCADO DE BELGRANO;;;;;LOCALES N°74/75/76;Comercial;1;;;;;S;;;S
CABA;2095;MERCADO DE BELGRANO;;;;;LOCALES N°9/10/11;Comercial;1;;;;;S;;;S
CABA;2095;MERCADO DE BELGRANO;;;;;Local S/N;Comercial;1;;;;;S;;;S
CABA;2095;MERCADO DE BELGRANO;;;;;Locales 55 y 56;Comercial;1;;;;;S;;;S
CABA;2095;MERCADO DE BELGRANO;;;;;MERCADO DE BELGRANO LOCAL N° 52;Comercial;1;;;;;S;;;S
CABA;2095;MERCADO DE BELGRANO;;;;;MERCADO DE BELGRANO LOCAL N°42;Comercial;1;;;;;S;;;S
CABA;2095;MERCADO DE BELGRANO;;;;;MERCADO DE BELGRANO LOCALES N° 26/27;Comercial;1;;;;;S;;;S
CABA;2095;MERCADO DE BELGRANO;;;;;MERCADO DE BELGRANO LOCALES N° 57/58;Comercial;1;;;;;S;;;S
CABA;2095;MERCADO DE BELGRANO;;;;;MERCADO DE BELGRANO LOCALES N° 64/65;Comercial;1;;;;;S;;;S
CABA;2095;MERCADO DE BELGRANO;;;;;MERCADO DE BELGRANO N° 21;Comercial;1;;;;;S;;;S
CABA;2095;MIGUEL ANGEL VIGNATTI 527;;;;;MIGUEL ANGEL VIGNATTI 527;Comercial;1;;;;0;N;0;0;S
CABA;2095;MIGUEL ANGEL VIGNATTI 528;;;;;MIGUEL ANGEL VIGNATTI 528;Comercial;1;;;;0;N;0;0;S
CABA;2095;MIGUEL ORLANDO RODRIGUEZ 975;;;;;MIGUEL ORLANDO RODRIGUEZ 975;Comercial;1;;;;0;N;0;0;S
CABA;2095;MINISTERIO DE DESARROLLO HUMANO Y HABITAT;;;;;GASTRONOMICO;Comercial;1;;;;;S;;;S
CABA;2095;MOBY DICK COSTANERA 1117;;;;;MOBY DICK COSTANERA 1117;Comercial;1;;;;0;N;0;0;S
CABA;2095;MODO 1182;;;;;MODO 1182;Comercial;1;;;;0;N;0;0;S
CABA;2095;MONICA ADRIANA GOMEZ 110;;;;;MONICA ADRIANA GOMEZ 110;Comercial;1;;;;0;N;0;0;S
CABA;2095;MONICA BEATRIZ MENON 727;;;;;MONICA BEATRIZ MENON 727;Comercial;1;;;;0;N;0;0;S
CABA;2095;MONICA ELSA ARIAUDO 275;;;;;MONICA ELSA ARIAUDO 275;Comercial;1;;;;0;N;0;0;S
CABA;2095;MULTICANAL 673;;;;;MULTICANAL 673;Comercial;1;;;;0;N;0;0;S
CABA;2095;MUSEO DE ARTE MODERNO DE BUENOS AIRES - Av. SAN JUAN 350;;;;;MUSEO DE ARTE MODERNO DE BUENOS AIRES - Av. SAN JUAN 350;Comercial;1;;;;;S;;;S
CABA;2095;MUSEO DE ARTES PLASTICAS EDUARDO SIVORI;18;21;135;5;AV INFANTA ISABEL 555;Comercial;1;;;;;S;;;S
CABA;2095;Madero Eventos S.A.;;;;;Libertad 844 Piso 9 Of E;Comercial;1262;;;;;S;;;S
CABA;2095;Marta Noemi Quiroz;;;;;Marta Noemi Quiroz 1270;Comercial;1;;;;;S;;;S
CABA;2095;Mercado de Liniers 1237;;;;;Mercado de Liniers 1237;Comercial;1;;;;0;N;0;0;S
CABA;2095;Ministerio de Educación;;;;;Carlos Perette 750;Comercial;1;;;;;S;;;S
CABA;2095;Mundo Futbol S.A.;;;;;Bernardo de Irigoyen 190 - Piso 2 Depto 13;Comercial;1256;;;;;S;;;S
CABA;2095;Museo Cornellio Saavedra;;;;;Museo Cornellio Saavedra;Comercial;1;;;;;S;;;S
CABA;2095;Museo de Arte Hispanoamericano Isaac Fernandez Blanco;;;;;Museo de Arte Hispanoamericano Isaac Fernandez Blanco;Comercial;1;;;;;S;;;S
CABA;2095;NELSON OMAR BERON 1072;;;;;NELSON OMAR BERON 1072;Comercial;1;;;;0;N;0;0;S
CABA;2095;NESTOR E. FERNANDEZ 90;;;;;NESTOR E. FERNANDEZ 90;Comercial;1;;;;0;N;0;0;S
CABA;2095;NIEVES GRACIELA LAZO 134;;;;;NIEVES GRACIELA LAZO 134;Comercial;1;;;;0;N;0;0;S
CABA;2095;NORA CRISTINA MAFFI 711;;;;;NORA CRISTINA MAFFI 711;Comercial;1;;;;0;N;0;0;S
CABA;2095;NORA ELIDA ALFONSO 98;;;;;NORA ELIDA ALFONSO 98;Comercial;1;;;;0;N;0;0;S
CABA;2095;NORBERTO BUTTLER 397;;;;;NORBERTO BUTTLER 397;Comercial;1;;;;0;N;0;0;S
CABA;2095;NUTRISSA 861;;;;;NUTRISSA 861;Comercial;1;;;;0;N;0;0;S
CABA;2095;ORLANDO ADRIANA BEATRIZ TERESA 1084;;;;;ORLANDO ADRIANA BEATRIZ TERESA 1084;Comercial;1;;;;0;N;0;0;S
CABA;2095;OSCAR PETRONGARI 630;;;;;OSCAR PETRONGARI 630;Comercial;1;;;;0;N;0;0;S
CABA;2095;OSP S.A.;;;;;OSP S.A.;Comercial;1;;;;0;N;0;0;S
CABA;2095;P de Mendoza 150 e/Gualeguay y Arz Espinosa;;;;;P de Mendoza 150 e/Gualeguay y Arz Espinosa;Comercial;1;;;;;S;;;S
CABA;2095;PABLO ALBERTO CHIEFARI 984;;;;;PABLO ALBERTO CHIEFARI 984;Comercial;1;;;;0;N;0;0;S
CABA;2095;PABLO DIORIO 719;;;;;PABLO DIORIO 719;Comercial;1;;;;0;N;0;0;S
CABA;2095;PACHA BUENOS AIRES 97;;;;;PACHA BUENOS AIRES 97;Comercial;1;;;;0;N;0;0;S
CABA;2095;PARQUE DE LA CIUDAD;;;;;ANTENA;Comercial;1;;;;0;N;0;0;S
CABA;2095;PARQUE DE LA CIUDAD;;;;;Local gastronómico;Comercial;1;;;;;S;;;S
CABA;2095;PARQUE DE LA CIUDAD;;;;;PLAYÓN EVENTOS;Comercial;1;;;;;S;;;S
CABA;2095;PARQUE DE LA CIUDAD;;;;;Pista de patinaje;Comercial;1;;;;;S;;;S
CABA;2095;PARQUE SARMIENTO;;;;;ANTENAS;Comercial;1;;;;0;N;0;0;S
CABA;2095;PARQUE SARMIENTO;;;;;CANCHAS DE FUTBOL;Comercial;1;;;;0;N;0;0;S
CABA;2095;PARQUE SARMIENTO;;;;;CANCHAS DE TENIS;Comercial;1;;;;0;N;0;0;S
CABA;2095;PARQUE SARMIENTO;;;;;CICLISMO;Comercial;1;;;;0;N;0;0;S
CABA;2095;PARQUE SARMIENTO;;;;;PUBLICIDAD IN KUESTO MEDIA;Comercial;1;;;;;S;;;S
CABA;2095;PARQUE SARMIENTO;;;;;PUBLICIDAD LOOK MEDIA;Comercial;1;;;;;S;;;S
CABA;2095;PARQUE SARMIENTO;;;;;PUBLICIDAD OSP;Comercial;1;;;;;S;;;S
CABA;2095;PARQUE TEMATICO TIERRA SANTA 75;;;;;PARQUE TEMATICO TIERRA SANTA 75;Comercial;1;;;;0;N;0;0;S
CABA;2095;PASCO 1324/1334;;;;;PASCO 1324/1334;Comercial;1;;;;0;N;0;0;S
CABA;2095;PASCO TENIS PADDLE 563;;;;;PASCO TENIS PADDLE 563;Comercial;1;;;;0;N;0;0;S
CABA;2095;PATIO DE LOS LECHEROS;;;;;PATIO DE LOS LECHEROS;Comercial;1;;;;;S;;;S
CABA;2095;PC PUBLICIDAD SA 902;;;;;PC PUBLICIDAD SA 902;Comercial;1;;;;0;N;0;0;S
CABA;2095;PECBEN 112;;;;;PECBEN 112;Comercial;1;;;;0;N;0;0;S
CABA;2095;PECBEN 148;;;;;PECBEN 148;Comercial;1;;;;0;N;0;0;S
CABA;2095;PERFIL PERIODICOS 1085;;;;;PERFIL PERIODICOS 1085;Comercial;1;;;;0;N;0;0;S
CABA;2095;PICHINCHA 1348T 1354T;;;;;Local comercial, deportivo, gastronómico y oficinas;Comercial;1;;;;;S;;;S
CABA;2095;PIZZERIA BABIECA 66;;;;;PIZZERIA BABIECA 66;Comercial;1;;;;0;N;0;0;S
CABA;2095;PIZZERIA BABIECA CONCURSO PREVENTIVO 854;;;;;PIZZERIA BABIECA CONCURSO PREVENTIVO 854;Comercial;1;;;;0;N;0;0;S
CABA;2095;PLAYAS SUBTERRANEAS 1147;;;;;PLAYAS SUBTERRANEAS 1147;Comercial;1;;;;0;N;0;0;S
CABA;2095;PLAYAS SUBTERRANEAS 22;;;;;PLAYAS SUBTERRANEAS 22;Comercial;1;;;;0;N;0;0;S
CABA;2095;PLAYAS SUBTERRANEAS 23;;;;;PLAYAS SUBTERRANEAS 23;Comercial;1;;;;0;N;0;0;S
CABA;2095;PLAYAS SUBTERRANEAS 392;;;;;PLAYAS SUBTERRANEAS 392;Comercial;1;;;;0;N;0;0;S
CABA;2095;PLAYAS SUBTERRANEAS 393;;;;;PLAYAS SUBTERRANEAS 393;Comercial;1;;;;0;N;0;0;S
CABA;2095;PLAYAS SUBTERRANEAS 791;;;;;E-19 PLAZA LIBERTAD;Comercial;1;;;;;N;;;S
CABA;2095;PLAYAS SUBTERRANEAS 791;;;;;PLAYAS SUBTERRANEAS 791;Comercial;1;;;;0;N;0;0;S
CABA;2095;PLAYAS SUBTERRANEAS 951;;;;;PLAYAS SUBTERRANEAS 951;Comercial;1;;;;0;N;0;0;S
CABA;2095;PLAZA BERNARDO HOUSSAY;;;;;GASTRONOMICO;Comercial;1;;;;0;N;0;0;S
CABA;2095;PLAZA INTENDENTE ALVEAR;;;;;PLAZA INTENDENTE ALVEAR;Comercial;1;;;;0;N;0;0;S
CABA;2095;PLAZA INTENDENTE ALVEAR;;;;;PLAZA INTENDENTE ALVEAR;Comercial;1259;;;;;S;;;S
CABA;2095;PLAZA LAVALLE 102;;;;;PLAZA LAVALLE 102;Comercial;1;;;;0;N;0;0;S
CABA;2095;POINTER ARGENTINA 997;;;;;POINTER ARGENTINA 997;Comercial;1;;;;0;N;0;0;S
CABA;2095;POLIDEPORTIVO PARQUE CHACABUCO;;;;;CANCHAS DE FUTBOL;Comercial;1;;;;0;N;0;0;S
CABA;2095;PRESIDENTE LUIS SAENZ PEÑA 1255;;;;;PRESIDENTE LUIS SAENZ PEÑA 1255;Comercial;1;;;;0;N;0;0;S
CABA;2095;PRUDAN 1343/1368;;;;;PRUDAN 1343/1368;Comercial;1;;;;0;N;0;0;S
CABA;2095;Parking Siolvija 1163;;;;;Parking Siolvija 1163;Comercial;1;;;;0;N;0;0;S
CABA;2095;Parking Siolvija 1164;;;;;Parking Siolvija 1164;Comercial;1;;;;0;N;0;0;S
CABA;2095;Parking Siolvija 1165;;;;;Parking Siolvija 1165;Comercial;1;;;;0;N;0;0;S
CABA;2095;Parking Siolvija 1232;;;;;Parking Siolvija 1232;Comercial;1;;;;0;N;0;0;S
CABA;2095;Parking de las Artes 1235;;;;;Parking de las Artes 1235;Comercial;1;;;;0;N;0;0;S
CABA;2095;Parking de las artes;;;;;Playa de estacionamiento 1248;Comercial;1;;;;;N;;;S
CABA;2095;Parque Manuel Belgrano - Ex KDT;;;;;Bicicletas;Comercial;3;;;;;S;;;S
CABA;2095;Parque Manuel Belgrano - Ex KDT;;;;;Canchas de futbol - BUFFET 1297;Comercial;2;;;;;N;;;S
CABA;2095;Parque Manuel Belgrano - Ex KDT;;;;;PAINTBALL;Comercial;4;;;;;S;;;S
CABA;2095;Parque Manuel Belgrano - Ex KDT;;;;;canchas de Padle - BUFFET;Comercial;1;;;;;S;;;S
CABA;2095;Parque Polideportivo J.B. Alberdi 441;;;;;Parque Polideportivo J.B. Alberdi 441;Comercial;1;;;;0;N;0;0;S
CABA;2095;Parque Ribera Sur 121;;;;;Parque Ribera Sur 121;Comercial;1;;;;0;N;0;0;S
CABA;2095;Parque Tematico Tierra Santa 1121;;;;;Parque Tematico Tierra Santa 1121;Comercial;1;;;;0;N;0;0;S
CABA;2095;Pasaje Galeria Lima Linea A, Local 1;;;;;Pasaje Galeria Lima Linea A, Local 1;Comercial;1;;;;;S;;;S
CABA;2095;Pasaje de las Ciencias 950;;;;;PASAJE DE LAS CIENCIAS 950;Comercial;1258;;;;;S;;;S
CABA;2095;Patricios 42 1136;;;;;Patricios 42 1136;Comercial;1;;;;0;N;0;0;S
CABA;2095;Pedernera 958;;;;;Pedernera 958;Comercial;1;;;;0;N;0;0;S
CABA;2095;Peperí 185;;;;;Peperí 185;Comercial;1;;;;;S;;;S
CABA;2095;Playa Estacionamiento Centro de Exposiciones y Convenciones  1179;;;;;Playa Estacionamiento Centro de Exposiciones y Convenciones  1179;Comercial;1;;;;0;N;0;0;S
CABA;2095;Playa de estacionamiento Av. Dorrego y Av. Del Libertador 371;;;;;Playa de estacionamiento Av. Dorrego y Av. Del Libertador 371;Comercial;1;;;;0;N;0;0;S
CABA;2095;Playa de estacionamiento Plaza Las Heras  966;;;;;Playa de estacionamiento Plaza Las Heras  966;Comercial;1;;;;0;N;0;0;S
CABA;2095;Playa de estacionamiento a nivel 337;;;;;Playa de estacionamiento a nivel 337;Comercial;1;;;;0;N;0;0;S
CABA;2095;Playa de remoción y acarreo BRD 1140;;;;;Playa de remoción y acarreo BRD 1140;Comercial;1;;;;0;N;0;0;S
CABA;2095;Playa de remoción y acarreo Dakota 1139;;;;;Playa de remoción y acarreo Dakota 1139;Comercial;1;;;;0;N;0;0;S
CABA;2095;Playa estac. Centro Cultural Gral. San Martín 89;;;;;Playa estac. Centro Cultural Gral. San Martín 89;Comercial;1;;;;0;N;0;0;S
CABA;2095;"Playa subterránea E-05 ""Plaza Vicente López"" 455";;;;;"Playa subterránea E-05 ""Plaza Vicente López"" 455";Comercial;1;;;;0;N;0;0;S
CABA;2095;Plaza Dos Congresos;;;;;Plaza Dos Congresos;Comercial;1;;;;;N;;;S
CABA;2095;Plaza Logística 1267;;;;;Plaza Logística 1267;Comercial;1;;;;;S;;;S
CABA;2095;Plurinco 362;;;;;Plurinco 362;Comercial;1;;;;0;N;0;0;S
CABA;2095;Polideportivo 465;;;;;Polideportivo 465;Comercial;1;;;;0;N;0;0;S
CABA;2095;Polideportivo Catalinas Sur  855;;;;;Polideportivo Catalinas Sur  855;Comercial;1;;;;0;N;0;0;S
CABA;2095;Polideportivo Parque Las Heras  853;;;;;Polideportivo Parque Las Heras  853;Comercial;1;;;;0;N;0;0;S
CABA;2095;Polideportivo Parroquia San Cristobal 451;;;;;Polideportivo Parroquia San Cristobal 451;Comercial;1;;;;0;N;0;0;S
CABA;2095;Predio Autopista Bs. As. - La Plata (Asoc. De Hoteles, Rest...) 1187;;;;;Predio Autopista Bs. As. - La Plata (Asoc. De Hoteles, Rest...) 1187;Comercial;1;;;;0;N;0;0;S
CABA;2095;Predio Av. Independencia 4246/64 (As. Civil Florentino Amehino)  1081;;;;;Predio Av. Independencia 4246/64 (As. Civil Florentino Amehino)  1081;Comercial;1;;;;0;N;0;0;S
CABA;2095;Predio Bajo Autopista Buenos Aires- La Plata (Silos Areneros) 1079;;;;;Predio Bajo Autopista Buenos Aires- La Plata (Silos Areneros) 1079;Comercial;1;;;;0;N;0;0;S
CABA;2095;Predio Bajo Autopista Buenos Aires-La Plata (Nec Argentina) 1097;;;;;Predio Bajo Autopista Buenos Aires-La Plata (Nec Argentina) 1097;Comercial;1;;;;0;N;0;0;S
CABA;2095;Predio Bajo Autopista Buenos Aires-La Plata (Ocean Export) 1096;;;;;Predio Bajo Autopista Buenos Aires-La Plata (Ocean Export) 1096;Comercial;1;;;;0;N;0;0;S
CABA;2095;Predio Conde, Concepción Arenal, Gral. Enrique Martínez y Av. Dorrego 1135;;;;;Predio Conde, Concepción Arenal, Gral. Enrique Martínez y Av. Dorrego 1135;Comercial;1;;;;0;N;0;0;S
CABA;2095;Predio Humberto 1° 1584/1586 (Asociación Aperger Argentina)  1184;;;;;Predio Humberto 1° 1584/1586 (Asociación Aperger Argentina)  1184;Comercial;1;;;;0;N;0;0;S
CABA;2095;Predio Humberto 1° 1584/1586 (Fundación Prisma)  1183;;;;;Predio Humberto 1° 1584/1586 (Fundación Prisma)  1183;Comercial;1;;;;0;N;0;0;S
CABA;2095;Predio Lavaden-Los Patos-Montesquieu-Dr. P. Chutro 1116;;;;;Predio Lavaden-Los Patos-Montesquieu-Dr. P. Chutro 1116;Comercial;1;;;;0;N;0;0;S
CABA;2095;Predio Vivela 3340- Agrup. San Jorge Asoc. Civil  764;;;;;Predio Vivela 3340- Agrup. San Jorge Asoc. Civil  764;Comercial;1;;;;0;N;0;0;S
CABA;2095;Predio calles Valdenegro y Miller 223;;;;;Predio calles Valdenegro y Miller 223;Comercial;1;;;;0;N;0;0;S
CABA;2095;Punta Carrasco;;;;;Punta Carrasco;Comercial;1;;;;0;N;0;0;S
CABA;2095;RADIO JAI 188;;;;;RADIO JAI 188;Comercial;1;;;;0;N;0;0;S
CABA;2095;RADIO PANDA 965;;;;;RADIO PANDA 965;Comercial;1;;;;0;N;0;0;S
CABA;2095;RADIO RPO PRODUCCIONES 1118;;;;;RADIO RPO PRODUCCIONES 1118;Comercial;1;;;;0;N;0;0;S
CABA;2095;RAFAEL OBLIGADO 2221;;;;;RAFAEL OBLIGADO 2221;Comercial;1;;;;;S;;;S
CABA;2095;RAGNARV SRL;;;;;RAGNARV SRL;Comercial;1;;;;;S;;;S
CABA;2095;RAMON ENRIQUE ALLEGRANZA 113;;;;;RAMON ENRIQUE ALLEGRANZA 113;Comercial;1;;;;0;N;0;0;S
CABA;2095;RAUL MARIANO DABBAH 797;;;;;RAUL MARIANO DABBAH 797;Comercial;1;;;;0;N;0;0;S
CABA;2095;RESERVA ECOLOGICA;;;;;BAJO ESPIGON;Comercial;1;;;;;S;;;S
CABA;2095;RICARDO DIORIO 724;;;;;RICARDO DIORIO 724;Comercial;1;;;;0;N;0;0;S
CABA;2095;RICARDO EPISCOPO 13;;;;;RICARDO EPISCOPO 13;Comercial;1;;;;0;N;0;0;S
CABA;2095;RIVA 790;;;;;RIVA 790;Comercial;1;;;;0;N;0;0;S
CABA;2095;ROBERTO COUTO 709;;;;;ROBERTO COUTO 709;Comercial;1;;;;0;N;0;0;S
CABA;2095;ROBERTO COUTO 730;;;;;ROBERTO COUTO 730;Comercial;1;;;;0;N;0;0;S
CABA;2095;ROBERTO RAMON PAMPIN 796;;;;;ROBERTO RAMON PAMPIN 796;Comercial;1;;;;0;N;0;0;S
CABA;2095;ROSA NELIDA RIOS 784;;;;;ROSA NELIDA RIOS 784;Comercial;1;;;;0;N;0;0;S
CABA;2095;RUBEN DARIO EBERLE 126;;;;;RUBEN DARIO EBERLE 126;Comercial;1;;;;0;N;0;0;S
CABA;2095;Rafaela 4710;;;;;Rafaela 4710;Comercial;1;;;;;S;;;S
CABA;2095;Renglón N 1 calle Cochabamba;;;;;Renglón N 1 calle Cochabamba;Comercial;1;;;;;S;;;S
CABA;2095;Renglón N 3 en la calle Curapaligue;;;;;Renglón N 3 en la calle Curapaligue;Comercial;1;;;;;S;;;S
CABA;2095;Reserva Ecológica Costanera Sur;;;;;Bajo Espigón;Comercial;1;;;;;S;;;S
CABA;2095;Retiro Linea C, Local 4;;;;;Retiro Linea C, Local 4;Comercial;1;;;;;S;;;S
CABA;2095;Ricardo Martin Episcopo 1169;;;;;Ricardo Martin Episcopo 1169;Comercial;1;;;;0;N;0;0;S
CABA;2095;Río de Janeiro Linea A, Local 2;;;;;Río de Janeiro Linea A, Local 2;Legal;1;;;;;S;;;S
CABA;2095;S.G.S. ARGENTINA - SACTA 1047;;;;;S.G.S. ARGENTINA - SACTA 1047;Comercial;1;;;;0;N;0;0;S
CABA;2095;SALGUERO 3450;;;;;SALGUERO 3450;Comercial;1;;;;0;N;0;0;S
CABA;2095;SARMIENTO 1031;;;;;TERMINAL DE COMBIS;Comercial;1;;;;;S;;;S
CABA;2095;SEPEYCO - BETON VIAL UTE 971;;;;;SEPEYCO - BETON VIAL UTE 971;Comercial;1;;;;0;N;0;0;S
CABA;2095;SERGIO RUBEN DALMASO 1061;;;;;SERGIO RUBEN DALMASO 1061;Comercial;1;;;;0;N;0;0;S
CABA;2095;SERGIO Y PAULA VILAS 723;;;;;SERGIO Y PAULA VILAS 723;Comercial;1;;;;0;N;0;0;S
CABA;2095;SERVICIOS INTEGRALES DE ALIMENTACION 986;;;;;SERVICIOS INTEGRALES DE ALIMENTACION 986;Comercial;1;;;;0;N;0;0;S
CABA;2095;SGS 1108;;;;;SGS 1108;Comercial;1;;;;0;N;0;0;S
CABA;2095;SGS 1109;;;;;SGS 1109;Comercial;1;;;;0;N;0;0;S
CABA;2095;SILOS ARENEROS 1094;;;;;SILOS ARENEROS 1094;Comercial;1;;;;0;N;0;0;S
CABA;2095;SOLIS 1252 - VIRREY CEVALLOS 1273;;;;;SOLIS 1252 - VIRREY CEVALLOS 1273;Comercial;1;;;;;S;;;S
CABA;2095;SOLIS CANO 1157;;;;;SOLIS CANO 1157;Comercial;1;;;;0;N;0;0;S
CABA;2095;SOLIS CANO 1158;;;;;ESTACIONAMIENTO;Comercial;1;;;;0;N;0;0;S
CABA;2095;SOLIS CANO 1159;;;;;SOLIS CANO 1159;Comercial;1;;;;0;N;0;0;S
CABA;2095;SORIA RUBEN DANIEL 1067;;;;;SORIA RUBEN DANIEL 1067;Comercial;1;;;;0;N;0;0;S
CABA;2095;SUBTE E - ESTACIÓN PUEYRREDON LOCAL N° 17;;;;;SUBTE E - ESTACIÓN PUEYRREDON LOCAL N° 17;Comercial;1299;;;;;S;;;S
CABA;2095;SUNNY WINES SA;;;;;RENGLON 1 Y RENGLON 3;Comercial;1;;;;;S;;;S
CABA;2095;SUPERMERCADOS MAYORISTAS YAGUAR 247;;;;;SUPERMERCADOS MAYORISTAS YAGUAR 247;Comercial;1;;;;0;N;0;0;S
CABA;2095;SUPERMERCADOS MAYORISTAS YAGUAR 247;;;;;SUPERMERCADOS MAYORISTAS YAGUAR 247;Comercial;1264;;;;;S;;;S
CABA;2095;SUSANA BORRAJO VILA 729;;;;;SUSANA BORRAJO VILA 729;Comercial;1;;;;0;N;0;0;S
CABA;2095;SUSANA MABEL PILLA 86;;;;;SUSANA MABEL PILLA 86;Comercial;1;;;;0;N;0;0;S
CABA;2095;SUTEC 588;;;;;SUTEC 588;Comercial;1;;;;0;N;0;0;S
CABA;2095;Santiago del Estero 1253;;;;;Gastronómico;Comercial;1;;;;;S;;;S
CABA;2095;Sector 2;;;;;Espacio 7;Comercial;1;;;;;S;;;S
CABA;2095;Sector 2;;;;;Espacio 8;Comercial;1;;;;;S;;;S
CABA;2095;Supermercados Mayoristass Yaguar SA;;;;;1264;Comercial;1264;;;;;S;;;S
CABA;2095;TEATRO COLON;;;;;GASTRONOMICO;Comercial;1;;;;0;N;0;0;S
CABA;2095;TELECOM ARGENTINA 1127;;;;;TELECOM ARGENTINA 1127;Comercial;1;;;;0;N;0;0;S
CABA;2095;TELECOM ARGENTINA 1128;;;;;TELECOM ARGENTINA 1128;Comercial;1;;;;0;N;0;0;S
CABA;2095;TELECOM ARGENTINA 1130;;;;;TELECOM ARGENTINA 1130;Comercial;1;;;;0;N;0;0;S
CABA;2095;TELECOM ARGENTINA 1131;;;;;TELECOM ARGENTINA 1131;Comercial;1;;;;0;N;0;0;S
CABA;2095;TELECOM ARGENTINA 1132;;;;;TELECOM ARGENTINA 1132;Comercial;1;;;;0;N;0;0;S
CABA;2095;TELEMETRIX 92;;;;;TELEMETRIX 92;Comercial;1;;;;0;N;0;0;S
CABA;2095;TRANSPORTADORA DE CAUDALES JUNCADELLA 550;;;;;TRANSPORTADORA DE CAUDALES JUNCADELLA 550;Comercial;1;;;;0;N;0;0;S
CABA;2095;TRANSPORTE AUTOMOTOR PLAZA 995;;;;;TRANSPORTE AUTOMOTOR PLAZA 995;Comercial;1;;;;0;N;0;0;S
CABA;2095;TRANSPORTE SPACAPAN 1056;;;;;TRANSPORTE SPACAPAN 1056;Comercial;1;;;;0;N;0;0;S
CABA;2095;TUCUMAN 1201;;;;;TUCUMAN 1201;Comercial;1;;;;0;N;0;0;S
CABA;2095;Talcahuano 1261;;;;;Biblioteca Ricardo Guiraldes;Comercial;1;;;;;S;;;S
CABA;2095;Tele Red Imagen 1181;;;;;Tele Red Imagen 1181;Comercial;1;;;;0;N;0;0;S
CABA;2095;Telecom Argentina 1205;;;;;Telecom Argentina 1205;Comercial;1;;;;0;N;0;0;S
CABA;2095;Telecom Argentina 1206;;;;;Telecom Argentina 1206;Comercial;1;;;;0;N;0;0;S
CABA;2095;Telecom Argentina 1208;;;;;Telecom Argentina 1208;Comercial;1;;;;0;N;0;0;S
CABA;2095;Telefonica Moviles Antena  1209;;;;;Telefonica Moviles Antena  1209;Comercial;1;;;;0;N;0;0;S
CABA;2095;Telefonica Moviles Argentina 1207;;;;;Telefonica Moviles Argentina 1207;Comercial;1;;;;0;N;0;0;S
CABA;2095;Tribunales Linea D, Local 9 B;;;;;Tribunales Linea D, Local 9 B;Comercial;1;;;;;S;;;S
CABA;2095;Tristán Achával Rodriguez 1431;;;;;Tristán Achával Rodriguez 1431;Comercial;1;;;;0;N;0;0;S
CABA;2095;UM IDEAS 1151;;;;;UM IDEAS 1151;Comercial;1;;;;0;N;0;0;S
CABA;2095;UNION DE PROPIETARIOS DE TAXIS DE LA REPUBLICA ARGENTINA 955;;;;;UNION DE PROPIETARIOS DE TAXIS DE LA REPUBLICA ARGENTINA 955;Comercial;1;;;;0;N;0;0;S
CABA;2095;UTHGRA;;;;;UTHGRA - Boedo 1159;Comercial;1;;;;;S;;;S
CABA;2095;Usina del Arte;;;;;1;Comercial;1;;;;;S;;;S
CABA;2095;Usina del Arte;;;;;2;Comercial;2;;;;;S;;;S
CABA;2095;Usina del Arte;;;;;3;Comercial;3;;;;;S;;;S
CABA;2095;Usina del Arte;;;;;4;Comercial;4;;;;;S;;;S
CABA;2095;Usina del Arte;;;;;5;Comercial;5;;;;;S;;;S
CABA;2095;Usina del Arte;;;;;6;Comercial;6;;;;;S;;;S
CABA;2095;Usina del Arte;;;;;7;Comercial;7;;;;;S;;;S
CABA;2095;Usina del Arte;;;;;Jazz;Comercial;8;;;;;S;;;S
CABA;2095;Usina del Arte;;;;;Tenencia diaria;Comercial;1;;;;;S;;;S
CABA;2095;VICTOR FRANCISCO CATANI PIANA 91;;;;;VICTOR FRANCISCO CATANI PIANA 91;Comercial;1;;;;0;N;0;0;S
CABA;2095;VICTOR MASSON - TRANSPORTES CRUZ DEL SUR 580;;;;;VICTOR MASSON - TRANSPORTES CRUZ DEL SUR 580;Comercial;1;;;;0;N;0;0;S
CABA;2095;VICTOR MASSON - TRANSPORTES CRUZ DEL SUR 583;;;;;VICTOR MASSON - TRANSPORTES CRUZ DEL SUR 583;Comercial;1;;;;0;N;0;0;S
CABA;2095;VICTOR RAUL FERREYRA 32;;;;;VICTOR RAUL FERREYRA 32;Comercial;1;;;;0;N;0;0;S
CABA;2095;VIGNATTI MIGUEL ANGEL 1068;;;;;VIGNATTI MIGUEL ANGEL 1068;Comercial;1;;;;0;N;0;0;S
CABA;2095;VIRREY CEVALLOS 1236/1270;;;;;VIRREY CEVALLOS 1236/1270;Comercial;1;;;;;S;;;S
CABA;2095;VTV Norte 1110;;;;;VTV Norte 1110;Comercial;1;;;;0;N;0;0;S
CABA;2095;VTV Norte 1111;;;;;VTV Norte 1111;Comercial;1;;;;0;N;0;0;S
CABA;2095;VTV Sud 1112;;;;;VTV Sud 1112;Comercial;1;;;;0;N;0;0;S
CABA;2095;VTV Sud 1113;;;;;VTV Sud 1113;Comercial;1;;;;0;N;0;0;S
CABA;2095;Villamat 1115;;;;;Villamat 1115;Comercial;1;;;;0;N;0;0;S
CABA;2095;Villamat 1115;;;;;Villamat SA -;Comercial;2;;;;;S;;;S
CABA;2095;WHITE SHARK 1066;;;;;WHITE SHARK 1066;Comercial;1;;;;0;N;0;0;S
CABA;2095;White Shark 1051;;;;;White Shark 1051;Comercial;1;;;;0;N;0;0;S
CABA;2095;ZUVIRÍA N°250;;;;;CARTEL PUBLICITARIO;Comercial;1;;;;;S;;;S
CABA;2095;Ámbito Gigena;;;;;Ámbito Gigena;Comercial;1;;;;;S;;;S
